_website,created_in,email,firstname,lastname,_address_firstname,_address_lastname,street,city,telephone,region,postcode,country_id,_address_default_billing_,_address_default_shipping_,group_id,created_at,updated_at
base,Default Store View,Louisa.Robertson@thelumastory.com,Louisa,Robertson,Louisa,Robertson,1314 Ferno River,Coefeni,555-555-5555,VT,85376,US,1,1,3,10/3/15 21:42,10/3/15 21:42
base,Default Store View,Mabel.Harvey@thelumastory.com,Mabel,Harvey,Mabel,Harvey,920 Wuep Loop,Nosobto,555-555-5555,LA,13246,US,1,1,2,11/2/15 21:14,11/2/15 21:14
base,Default Store View,Gilbert.Baker@thelumastory.com,Gilbert,Baker,Gilbert,Baker,1720 Varpo Loop,Jikiffop,555-555-5555,RI,72808,US,1,1,2,11/3/15 22:03,11/3/15 22:03
base,Default Store View,Martha.Colon@thelumastory.com,Martha,Colon,Martha,Colon,1473 Uvco Terrace,Cebfokagi,555-555-5555,NC,64746,US,1,1,2,11/10/15 8:30,11/10/15 8:30
base,Default Store View,Leo.Rice@thelumastory.com,Leo,Rice,Leo,Rice,1903 Rodze Highway,Golkoew,555-555-5555,NY,66838,US,1,1,1,11/24/15 23:22,11/24/15 23:22
base,Default Store View,Peter.Medina@thelumastory.com,Peter,Medina,Peter,Medina,924 Rigve Junction,Cigmeko,555-555-5555,TX,69585,US,1,1,2,11/29/15 19:14,11/29/15 19:14
base,Default Store View,Herman.Castro@thelumastory.com,Herman,Castro,Herman,Castro,1484 Semazu Square,Zimifhol,555-555-5555,WV,6280,US,1,1,3,12/1/15 13:43,12/1/15 13:43
base,Default Store View,Julian.Spencer@thelumastory.com,Julian,Spencer,Julian,Spencer,764 Sajuz Circle,Ronsione,555-555-5555,NC,29647,US,1,1,3,12/2/15 1:36,12/2/15 1:36
base,Default Store View,Clara.Nunez@thelumastory.com,Clara,Nunez,Clara,Nunez,1581 Fodbo Loop,Tocurcud,555-555-5555,NM,57720,US,1,1,1,12/5/15 0:53,12/5/15 0:53
base,Default Store View,Gilbert.Flores@thelumastory.com,Gilbert,Flores,Gilbert,Flores,1245 Pofem Square,Moizcac,555-555-5555,IN,88254,US,1,1,1,12/8/15 10:57,12/8/15 10:57
base,Default Store View,Alberta.Poole@thelumastory.com,Alberta,Poole,Alberta,Poole,71 Nokjo Junction,Futocaru,555-555-5555,DE,55070,US,1,1,1,1/2/16 13:46,1/2/16 13:46
base,Default Store View,Alta.Jensen@thelumastory.com,Alta,Jensen,Alta,Jensen,176 Fakipi Center,Nerbezo,555-555-5555,IN,97138,US,1,1,1,1/3/16 9:06,1/3/16 9:06
base,Default Store View,Betty.Weaver@thelumastory.com,Betty,Weaver,Betty,Weaver,1848 Jilri Parkway,Unacatpil,555-555-5555,UT,67216,US,1,1,1,1/6/16 20:49,1/6/16 20:49
base,Default Store View,Millie.Perkins@thelumastory.com,Millie,Perkins,Millie,Perkins,21 Tueju Circle,Rizowo,555-555-5555,AZ,28555,US,1,1,3,1/7/16 0:56,1/7/16 0:56
base,Default Store View,Elmer.Torres@thelumastory.com,Elmer,Torres,Elmer,Torres,1412 Pimav Street,Bokohona,555-555-5555,UT,11556,US,1,1,1,1/12/16 19:26,1/12/16 19:26
base,Default Store View,Dale.Barnett@thelumastory.com,Dale,Barnett,Dale,Barnett,513 Mawev Point,Oseebebe,555-555-5555,ND,90676,US,1,1,3,1/16/16 10:06,1/16/16 10:06
base,Default Store View,Jose.Bishop@thelumastory.com,Jose,Bishop,Jose,Bishop,708 Goju Glen,Viosed,555-555-5555,OR,43576,US,1,1,3,1/18/16 7:18,1/18/16 7:18
base,Default Store View,Adam.Freeman@thelumastory.com,Adam,Freeman,Adam,Freeman,1996 Utawu Grove,Balinla,555-555-5555,CT,40442,US,1,1,3,1/21/16 20:03,1/21/16 20:03
base,Default Store View,Lulu.Moody@thelumastory.com,Lulu,Moody,Lulu,Moody,1635 Astuv Path,Fejrozi,555-555-5555,KS,7557,US,1,1,3,1/28/16 2:17,1/28/16 2:17
base,Default Store View,Florence.Ellis@thelumastory.com,Florence,Ellis,Florence,Ellis,1500 Ucoko Drive,Uzosuka,555-555-5555,ND,1207,US,1,1,3,1/28/16 19:01,1/28/16 19:01
base,Default Store View,Caleb.Mann@thelumastory.com,Caleb,Mann,Caleb,Mann,1890 Okgi Place,Licive,555-555-5555,SD,3881,US,1,1,2,1/29/16 13:40,1/29/16 13:40
base,Default Store View,Gussie.Carroll@thelumastory.com,Gussie,Carroll,Gussie,Carroll,1277 Darup Junction,Vulona,555-555-5555,WA,64540,US,1,1,2,1/31/16 0:17,1/31/16 0:17
base,Default Store View,Richard.Kelley@thelumastory.com,Richard,Kelley,Richard,Kelley,1081 Kuehu Glen,Gegiwpa,555-555-5555,OK,98087,US,1,1,2,2/2/16 11:49,2/2/16 11:49
base,Default Store View,Cory.Keller@thelumastory.com,Cory,Keller,Cory,Keller,1068 Puve View,Ewemolmi,555-555-5555,NJ,19431,US,1,1,3,2/7/16 16:31,2/7/16 16:31
base,Default Store View,Georgia.Wells@thelumastory.com,Georgia,Wells,Georgia,Wells,1229 Hevvu Junction,Zidejna,555-555-5555,KY,84197,US,1,1,2,2/8/16 15:52,2/8/16 15:52
base,Default Store View,Samuel.McLaughlin@thelumastory.com,Samuel,McLaughlin,Samuel,McLaughlin,1662 Osbi Street,Ujalikzi,555-555-5555,NJ,22166,US,1,1,1,2/10/16 18:29,2/10/16 18:29
base,Default Store View,Jeanette.Lawrence@thelumastory.com,Jeanette,Lawrence,Jeanette,Lawrence,1961 Anuir Drive,Mehume,555-555-5555,WI,22404,US,1,1,2,2/11/16 21:23,2/11/16 21:23
base,Default Store View,Angel.Sherman@thelumastory.com,Angel,Sherman,Angel,Sherman,128 Tadto Pass,Fudial,555-555-5555,VT,63194,US,1,1,3,2/14/16 0:51,2/14/16 0:51
base,Default Store View,Herbert.Webster@thelumastory.com,Herbert,Webster,Herbert,Webster,1514 Buvop Circle,Jibare,555-555-5555,NM,85323,US,1,1,2,2/14/16 16:40,2/14/16 16:40
base,Default Store View,Pauline.Marshall@thelumastory.com,Pauline,Marshall,Pauline,Marshall,612 Usemo Square,Agokuhto,555-555-5555,WV,77848,US,1,1,3,2/15/16 9:31,2/15/16 9:31
base,Default Store View,Laura.Roberson@thelumastory.com,Laura,Roberson,Laura,Roberson,1674 Jawej Loop,Tonedof,555-555-5555,LA,94276,US,1,1,3,2/16/16 22:32,2/16/16 22:32
base,Default Store View,Lily.Newton@thelumastory.com,Lily,Newton,Lily,Newton,1442 Sadel Path,Nohguktu,555-555-5555,GA,86707,US,1,1,3,2/20/16 5:53,2/20/16 5:53
base,Default Store View,Franklin.Craig@thelumastory.com,Franklin,Craig,Franklin,Craig,647 Marvuc Extension,Onimeki,555-555-5555,PA,36631,US,1,1,3,2/21/16 18:00,2/21/16 18:00
base,Default Store View,Craig.Tate@thelumastory.com,Craig,Tate,Craig,Tate,832 Cifril Ridge,Ugvuhul,555-555-5555,LA,2941,US,1,1,1,2/22/16 2:52,2/22/16 2:52
base,Default Store View,Glenn.West@thelumastory.com,Glenn,West,Glenn,West,714 Uteul Way,Virapvo,555-555-5555,HI,68393,US,1,1,3,2/23/16 2:53,2/23/16 2:53
base,Default Store View,Elva.Nichols@thelumastory.com,Elva,Nichols,Elva,Nichols,955 Miok Manor,Acvukic,555-555-5555,RI,33393,US,1,1,1,2/26/16 11:42,2/26/16 11:42
base,Default Store View,Bettie.Schneider@thelumastory.com,Bettie,Schneider,Bettie,Schneider,1304 Racrog River,Osjipes,555-555-5555,OH,22489,US,1,1,1,2/29/16 11:05,2/29/16 11:05
base,Default Store View,Thomas.Mann@thelumastory.com,Thomas,Mann,Thomas,Mann,100 Zajpum Loop,Bajelo,555-555-5555,SD,79082,US,1,1,3,2/29/16 14:05,2/29/16 14:05
base,Default Store View,Kate.Atkins@thelumastory.com,Kate,Atkins,Kate,Atkins,880 Omutop Highway,Efigudvel,555-555-5555,OR,15174,US,1,1,1,3/5/16 6:56,3/5/16 6:56
base,Default Store View,Victor.Luna@thelumastory.com,Victor,Luna,Victor,Luna,1866 Mesa Boulevard,Pajoul,555-555-5555,FL,12337,US,1,1,1,3/6/16 9:19,3/6/16 9:19
base,Default Store View,Mamie.Lyons@thelumastory.com,Mamie,Lyons,Mamie,Lyons,396 Gunup Mill,Vucvajow,555-555-5555,OR,63895,US,1,1,1,3/6/16 18:42,3/6/16 18:42
base,Default Store View,Alice.Benson@thelumastory.com,Alice,Benson,Alice,Benson,1525 Wobju Terrace,Icanegow,555-555-5555,CO,73364,US,1,1,3,3/12/16 2:09,3/12/16 2:09
base,Default Store View,Michael.Lewis@thelumastory.com,Michael,Lewis,Michael,Lewis,1746 Remhe Grove,Jowikrah,555-555-5555,TN,31272,US,1,1,1,3/14/16 1:14,3/14/16 1:14
base,Default Store View,Harold.Jefferson@thelumastory.com,Harold,Jefferson,Harold,Jefferson,1859 Covej Square,Zabzuapa,555-555-5555,FL,59396,US,1,1,3,3/15/16 14:45,3/15/16 14:45
base,Default Store View,Francis.Townsend@thelumastory.com,Francis,Townsend,Francis,Townsend,1631 Fowaf Highway,Bucapezu,555-555-5555,TX,72520,US,1,1,3,3/19/16 14:49,3/19/16 14:49
base,Default Store View,Victor.Dixon@thelumastory.com,Victor,Dixon,Victor,Dixon,1874 Kube Street,Gamogoz,555-555-5555,IA,29218,US,1,1,2,3/19/16 21:39,3/19/16 21:39
base,Default Store View,Kate.Newman@thelumastory.com,Kate,Newman,Kate,Newman,262 Ineraj Ridge,Utajiec,555-555-5555,MT,55603,US,1,1,2,3/20/16 7:26,3/20/16 7:26
base,Default Store View,Manuel.Becker@thelumastory.com,Manuel,Becker,Manuel,Becker,1054 Totzun Plaza,Ucenarja,555-555-5555,UT,85709,US,1,1,3,3/20/16 8:00,3/20/16 8:00
base,Default Store View,Gary.Murphy@thelumastory.com,Gary,Murphy,Gary,Murphy,411 Pehisu River,Kawerhar,555-555-5555,IN,62973,US,1,1,1,3/25/16 13:28,3/25/16 13:28
base,Default Store View,Minnie.Tran@thelumastory.com,Minnie,Tran,Minnie,Tran,1607 Zugpa River,Jektotaj,555-555-5555,KY,91370,US,1,1,2,3/26/16 6:15,3/26/16 6:15
base,Default Store View,Stephen.Griffith@thelumastory.com,Stephen,Griffith,Stephen,Griffith,845 Dubep Mill,Vavmahac,555-555-5555,MI,69290,US,1,1,3,3/26/16 23:29,3/26/16 23:29
base,Default Store View,Danny.Singleton@thelumastory.com,Danny,Singleton,Danny,Singleton,1988 Necu Circle,Gikelij,555-555-5555,DC,84143,US,1,1,1,3/28/16 8:52,3/28/16 8:52
base,Default Store View,Angel.Gray@thelumastory.com,Angel,Gray,Angel,Gray,1727 Radip Mill,Ihhaju,555-555-5555,ND,17087,US,1,1,3,3/28/16 9:03,3/28/16 9:03
base,Default Store View,Alfred.Moreno@thelumastory.com,Alfred,Moreno,Alfred,Moreno,841 Ogoobo Highway,Befwepina,555-555-5555,ID,45884,US,1,1,1,3/28/16 11:08,3/28/16 11:08
base,Default Store View,Lydia.Berry@thelumastory.com,Lydia,Berry,Lydia,Berry,185 Cokit Heights,Zafiktuc,555-555-5555,AL,72384,US,1,1,1,3/28/16 13:50,3/28/16 13:50
base,Default Store View,Theresa.Hill@thelumastory.com,Theresa,Hill,Theresa,Hill,1919 Hupu Ridge,Damuben,555-555-5555,AZ,5082,US,1,1,1,3/29/16 12:27,3/29/16 12:27
base,Default Store View,Estella.Moran@thelumastory.com,Estella,Moran,Estella,Moran,1582 Hafi Turnpike,Ikaifmif,555-555-5555,PA,72000,US,1,1,3,4/5/16 11:04,4/5/16 11:04
base,Default Store View,Jim.Montgomery@thelumastory.com,Jim,Montgomery,Jim,Montgomery,728 Caucu Park,Nekjahuk,555-555-5555,NJ,10939,US,1,1,1,4/5/16 16:28,4/5/16 16:28
base,Default Store View,Dora.Brock@thelumastory.com,Dora,Brock,Dora,Brock,1489 Rioli Key,Juekerug,555-555-5555,AZ,35046,US,1,1,3,4/9/16 1:03,4/9/16 1:03
base,Default Store View,Georgie.Bowers@thelumastory.com,Georgie,Bowers,Georgie,Bowers,562 Befem Pass,Fiwufuk,555-555-5555,AR,98277,US,1,1,3,4/10/16 7:55,4/10/16 7:55
base,Default Store View,Shawn.Cook@thelumastory.com,Shawn,Cook,Shawn,Cook,678 Jakwos Point,Veivoka,555-555-5555,MA,6129,US,1,1,2,4/12/16 3:21,4/12/16 3:21
base,Default Store View,Hettie.Long@thelumastory.com,Hettie,Long,Hettie,Long,61 Bofuh Highway,Asfokmo,555-555-5555,DC,67957,US,1,1,2,4/13/16 6:28,4/13/16 6:28
base,Default Store View,Myra.Rodriquez@thelumastory.com,Myra,Rodriquez,Myra,Rodriquez,928 Wuwdov Center,Rodwaccuk,555-555-5555,MI,74932,US,1,1,3,4/15/16 17:03,4/15/16 17:03
base,Default Store View,Edgar.Summers@thelumastory.com,Edgar,Summers,Edgar,Summers,254 Uddi Boulevard,Wugoas,555-555-5555,GA,71681,US,1,1,2,4/16/16 6:30,4/16/16 6:30
base,Default Store View,Louis.Owens@thelumastory.com,Louis,Owens,Louis,Owens,1498 Cugez Manor,Juhmacas,555-555-5555,NJ,821,US,1,1,3,4/16/16 13:53,4/16/16 13:53
base,Default Store View,Joel.Hunt@thelumastory.com,Joel,Hunt,Joel,Hunt,667 Heza Heights,Veaseoz,555-555-5555,CA,85615,US,1,1,3,4/17/16 0:08,4/17/16 0:08
base,Default Store View,Frances.Valdez@thelumastory.com,Frances,Valdez,Frances,Valdez,1317 Neluw Mill,Figuha,555-555-5555,NH,17547,US,1,1,2,4/17/16 2:23,4/17/16 2:23
base,Default Store View,Eric.Jimenez@thelumastory.com,Eric,Jimenez,Eric,Jimenez,1658 Siwge Drive,Tahenir,555-555-5555,WV,79034,US,1,1,1,4/21/16 17:52,4/21/16 17:52
base,Default Store View,Patrick.Moore@thelumastory.com,Patrick,Moore,Patrick,Moore,920 Jivhel Avenue,Tozirpul,555-555-5555,IA,14495,US,1,1,3,4/23/16 4:58,4/23/16 4:58
base,Default Store View,Isaiah.Hawkins@thelumastory.com,Isaiah,Hawkins,Isaiah,Hawkins,416 Piesu Terrace,Laiwce,555-555-5555,ID,84170,US,1,1,2,4/23/16 16:16,4/23/16 16:16
base,Default Store View,Ian.Hammond@thelumastory.com,Ian,Hammond,Ian,Hammond,135 Itga Highway,Lowgozbeh,555-555-5555,MT,60822,US,1,1,1,4/25/16 0:14,4/25/16 0:14
base,Default Store View,Sally.Long@thelumastory.com,Sally,Long,Sally,Long,125 Mebow Grove,Ifkare,555-555-5555,LA,22598,US,1,1,1,4/25/16 5:26,4/25/16 5:26
base,Default Store View,Jayden.Goodman@thelumastory.com,Jayden,Goodman,Jayden,Goodman,159 Moavo River,Uvneat,555-555-5555,OH,2465,US,1,1,3,4/26/16 6:18,4/26/16 6:18
base,Default Store View,Samuel.Holt@thelumastory.com,Samuel,Holt,Samuel,Holt,264 Zuciv Park,Kivcizip,555-555-5555,MT,35706,US,1,1,2,4/26/16 7:14,4/26/16 7:14
base,Default Store View,Bryan.Fleming@thelumastory.com,Bryan,Fleming,Bryan,Fleming,1572 Rezela Parkway,Iwimekge,555-555-5555,AL,47520,US,1,1,2,4/26/16 8:20,4/26/16 8:20
base,Default Store View,Rosie.Powers@thelumastory.com,Rosie,Powers,Rosie,Powers,371 Asailo Road,Jiwosa,555-555-5555,CT,62375,US,1,1,1,4/26/16 17:24,4/26/16 17:24
base,Default Store View,Dorothy.Valdez@thelumastory.com,Dorothy,Valdez,Dorothy,Valdez,244 Mije Plaza,Oftaze,555-555-5555,SD,84220,US,1,1,2,4/26/16 20:33,4/26/16 20:33
base,Default Store View,Lizzie.Robertson@thelumastory.com,Lizzie,Robertson,Lizzie,Robertson,794 Mota Manor,Ehesala,555-555-5555,NE,24262,US,1,1,2,4/27/16 0:50,4/27/16 0:50
base,Default Store View,Callie.McCarthy@thelumastory.com,Callie,McCarthy,Callie,McCarthy,1344 Ruba Road,Ujtowej,555-555-5555,IA,53410,US,1,1,3,4/27/16 18:23,4/27/16 18:23
base,Default Store View,Hannah.Rice@thelumastory.com,Hannah,Rice,Hannah,Rice,1643 Emuis Highway,Limewul,555-555-5555,NH,33537,US,1,1,2,4/30/16 8:58,4/30/16 8:58
base,Default Store View,Ricardo.Dixon@thelumastory.com,Ricardo,Dixon,Ricardo,Dixon,1942 Uwji Manor,Bowfibaf,555-555-5555,SC,71902,US,1,1,3,4/30/16 20:50,4/30/16 20:50
base,Default Store View,Vera.Bass@thelumastory.com,Vera,Bass,Vera,Bass,874 Suwi Manor,Ocemalgit,555-555-5555,NC,30131,US,1,1,2,5/1/16 9:40,5/1/16 9:40
base,Default Store View,Mamie.Fox@thelumastory.com,Mamie,Fox,Mamie,Fox,611 Iwtu Path,Zucbisuz,555-555-5555,SC,78616,US,1,1,3,5/2/16 0:16,5/2/16 0:16
base,Default Store View,Corey.Klein@thelumastory.com,Corey,Klein,Corey,Klein,1983 Unmi Center,Suetguh,555-555-5555,MA,15238,US,1,1,2,5/2/16 13:01,5/2/16 13:01
base,Default Store View,Logan.Floyd@thelumastory.com,Logan,Floyd,Logan,Floyd,1859 Hudazo Place,Falkice,555-555-5555,NE,90285,US,1,1,3,5/3/16 7:58,5/3/16 7:58
base,Default Store View,Amanda.Jacobs@thelumastory.com,Amanda,Jacobs,Amanda,Jacobs,91 Areji Drive,Lubmahhu,555-555-5555,NH,82670,US,1,1,2,5/3/16 9:44,5/3/16 9:44
base,Default Store View,Larry.Holland@thelumastory.com,Larry,Holland,Larry,Holland,290 Neef Parkway,Tawijfe,555-555-5555,GA,60801,US,1,1,1,5/3/16 23:14,5/3/16 23:14
base,Default Store View,Jose.Sparks@thelumastory.com,Jose,Sparks,Jose,Sparks,907 Hivbi Road,Obilamaw,555-555-5555,MN,25,US,1,1,3,5/4/16 2:54,5/4/16 2:54
base,Default Store View,Virgie.Fields@thelumastory.com,Virgie,Fields,Virgie,Fields,188 Guwun Street,Miabapi,555-555-5555,WV,56198,US,1,1,2,5/4/16 11:38,5/4/16 11:38
base,Default Store View,Eva.Tran@thelumastory.com,Eva,Tran,Eva,Tran,1747 Raba Point,Hurafcal,555-555-5555,SC,29883,US,1,1,3,5/5/16 10:11,5/5/16 10:11
base,Default Store View,Phoebe.Bennett@thelumastory.com,Phoebe,Bennett,Phoebe,Bennett,491 Rikzop Trail,Lawcari,555-555-5555,MS,54860,US,1,1,2,5/7/16 22:03,5/7/16 22:03
base,Default Store View,Hunter.Houston@thelumastory.com,Hunter,Houston,Hunter,Houston,454 Rudbep Plaza,Usesinos,555-555-5555,NC,3008,US,1,1,3,5/9/16 10:23,5/9/16 10:23
base,Default Store View,Mike.Gilbert@thelumastory.com,Mike,Gilbert,Mike,Gilbert,1850 Gigzij Park,Beejafup,555-555-5555,WV,46459,US,1,1,3,5/12/16 1:38,5/12/16 1:38
base,Default Store View,Duane.Townsend@thelumastory.com,Duane,Townsend,Duane,Townsend,1893 Afalo Park,Absaal,555-555-5555,NH,7120,US,1,1,3,5/12/16 13:35,5/12/16 13:35
base,Default Store View,Harriett.Murray@thelumastory.com,Harriett,Murray,Harriett,Murray,92 Kere Pike,Notolic,555-555-5555,IL,91097,US,1,1,2,5/14/16 23:28,5/14/16 23:28
base,Default Store View,Christopher.Reeves@thelumastory.com,Christopher,Reeves,Christopher,Reeves,1391 Caluz Parkway,Uzehandok,555-555-5555,VT,32371,US,1,1,3,5/16/16 8:36,5/16/16 8:36
base,Default Store View,Sally.Cortez@thelumastory.com,Sally,Cortez,Sally,Cortez,784 Foehi Street,Ucilila,555-555-5555,OK,2301,US,1,1,2,5/17/16 18:36,5/17/16 18:36
base,Default Store View,Eugenia.Sparks@thelumastory.com,Eugenia,Sparks,Eugenia,Sparks,239 Bioz Boulevard,Coszotni,555-555-5555,WA,25892,US,1,1,3,5/18/16 4:49,5/18/16 4:49
base,Default Store View,Isabel.Farmer@thelumastory.com,Isabel,Farmer,Isabel,Farmer,1515 Ojovi Court,Libcezhod,555-555-5555,WV,39880,US,1,1,3,5/20/16 10:27,5/20/16 10:27
base,Default Store View,Gilbert.Benson@thelumastory.com,Gilbert,Benson,Gilbert,Benson,920 Rawa Square,Tecmeta,555-555-5555,DC,27634,US,1,1,3,5/21/16 8:25,5/21/16 8:25
base,Default Store View,Gordon.Carlson@thelumastory.com,Gordon,Carlson,Gordon,Carlson,1214 Ruzcaf Pass,Piatitih,555-555-5555,NV,46982,US,1,1,1,5/21/16 22:09,5/21/16 22:09
base,Default Store View,Elsie.Lane@thelumastory.com,Elsie,Lane,Elsie,Lane,568 Same Pike,Meusvi,555-555-5555,GA,64371,US,1,1,3,5/24/16 17:33,5/24/16 17:33
base,Default Store View,Eugene.Perez@thelumastory.com,Eugene,Perez,Eugene,Perez,1441 Ziiha Junction,Ecwopjab,555-555-5555,UT,27977,US,1,1,3,5/26/16 2:11,5/26/16 2:11
base,Default Store View,Ina.Wolfe@thelumastory.com,Ina,Wolfe,Ina,Wolfe,834 Zonvos Boulevard,Sebhuba,555-555-5555,TX,57121,US,1,1,3,5/26/16 19:30,5/26/16 19:30
base,Default Store View,Julian.Chapman@thelumastory.com,Julian,Chapman,Julian,Chapman,1119 Puge Place,Lohvemewe,555-555-5555,DC,60263,US,1,1,1,5/27/16 16:17,5/27/16 16:17
base,Default Store View,Nell.Hopkins@thelumastory.com,Nell,Hopkins,Nell,Hopkins,1308 Caeba Mill,Abawumig,555-555-5555,ID,1606,US,1,1,2,5/29/16 17:11,5/29/16 17:11
base,Default Store View,Sarah.Ballard@thelumastory.com,Sarah,Ballard,Sarah,Ballard,960 Burzew Junction,Vekovoj,555-555-5555,NJ,99754,US,1,1,3,5/29/16 21:31,5/29/16 21:31
base,Default Store View,Bobby.Chandler@thelumastory.com,Bobby,Chandler,Bobby,Chandler,458 Gapwet Path,Kokihda,555-555-5555,SD,76673,US,1,1,1,5/31/16 19:43,5/31/16 19:43
base,Default Store View,Dean.Perry@thelumastory.com,Dean,Perry,Dean,Perry,879 Fasiw Plaza,Dewsuus,555-555-5555,AL,33073,US,1,1,2,6/2/16 17:05,6/2/16 17:05
base,Default Store View,Cornelia.Ballard@thelumastory.com,Cornelia,Ballard,Cornelia,Ballard,1693 Cipdo River,Orafiru,555-555-5555,NY,14125,US,1,1,2,6/3/16 12:23,6/3/16 12:23
base,Default Store View,Harvey.Saunders@thelumastory.com,Harvey,Saunders,Harvey,Saunders,1020 Hozsi Boulevard,Usipaneb,555-555-5555,ND,63477,US,1,1,2,6/3/16 17:36,6/3/16 17:36
base,Default Store View,Lizzie.Pierce@thelumastory.com,Lizzie,Pierce,Lizzie,Pierce,884 Hivpav Lane,Faifaven,555-555-5555,OR,84720,US,1,1,3,6/3/16 19:26,6/3/16 19:26
base,Default Store View,Ora.Robinson@thelumastory.com,Ora,Robinson,Ora,Robinson,1308 Cogup Avenue,Tokoni,555-555-5555,NV,32978,US,1,1,2,6/5/16 20:13,6/5/16 20:13
base,Default Store View,Lillie.Spencer@thelumastory.com,Lillie,Spencer,Lillie,Spencer,175 Vedtuw Street,Tovibob,555-555-5555,KS,1447,US,1,1,3,6/6/16 22:52,6/6/16 22:52
base,Default Store View,Verna.Daniels@thelumastory.com,Verna,Daniels,Verna,Daniels,154 Aroag Extension,Owufouju,555-555-5555,NJ,5641,US,1,1,1,6/7/16 9:50,6/7/16 9:50
base,Default Store View,Lillian.Schmidt@thelumastory.com,Lillian,Schmidt,Lillian,Schmidt,916 Ilomaz Plaza,Razudfah,555-555-5555,IL,9259,US,1,1,3,6/8/16 22:40,6/8/16 22:40
base,Default Store View,Bernice.Ellis@thelumastory.com,Bernice,Ellis,Bernice,Ellis,1584 Rama Circle,Hoscece,555-555-5555,RI,7536,US,1,1,2,6/9/16 12:43,6/9/16 12:43
base,Default Store View,Gilbert.Underwood@thelumastory.com,Gilbert,Underwood,Gilbert,Underwood,666 Boet Loop,Alvuni,555-555-5555,CO,23619,US,1,1,3,6/9/16 19:27,6/9/16 19:27
base,Default Store View,Gary.Griffin@thelumastory.com,Gary,Griffin,Gary,Griffin,1581 Fivaj Park,Monigaj,555-555-5555,MI,46444,US,1,1,2,6/10/16 6:25,6/10/16 6:25
base,Default Store View,Bessie.Anderson@thelumastory.com,Bessie,Anderson,Bessie,Anderson,900 Rebah Highway,Denije,555-555-5555,ME,9165,US,1,1,2,6/11/16 19:29,6/11/16 19:29
base,Default Store View,Cody.Franklin@thelumastory.com,Cody,Franklin,Cody,Franklin,140 Howil Place,Soncetu,555-555-5555,CO,56945,US,1,1,1,6/12/16 14:07,6/12/16 14:07
base,Default Store View,Verna.Townsend@thelumastory.com,Verna,Townsend,Verna,Townsend,858 Puva Junction,Baazica,555-555-5555,KY,95071,US,1,1,2,6/13/16 12:53,6/13/16 12:53
base,Default Store View,Jordan.Ray@thelumastory.com,Jordan,Ray,Jordan,Ray,902 Hajtig Plaza,Eburonhe,555-555-5555,FL,34105,US,1,1,1,6/14/16 23:16,6/14/16 23:16
base,Default Store View,Philip.Rios@thelumastory.com,Philip,Rios,Philip,Rios,725 Benjoc Place,Ojufenwe,555-555-5555,MT,87771,US,1,1,3,6/15/16 4:44,6/15/16 4:44
base,Default Store View,Lottie.Alvarez@thelumastory.com,Lottie,Alvarez,Lottie,Alvarez,1063 Balun Junction,Haanelu,555-555-5555,AL,58342,US,1,1,3,6/16/16 2:28,6/16/16 2:28
base,Default Store View,Tillie.Quinn@thelumastory.com,Tillie,Quinn,Tillie,Quinn,1694 Niwdig Place,Ladkadpa,555-555-5555,GA,28002,US,1,1,3,6/16/16 15:23,6/16/16 15:23
base,Default Store View,Andrew.Olson@thelumastory.com,Andrew,Olson,Andrew,Olson,933 Ubfa Heights,Esicenol,555-555-5555,MO,53306,US,1,1,3,6/18/16 5:28,6/18/16 5:28
base,Default Store View,Georgia.King@thelumastory.com,Georgia,King,Georgia,King,317 Lidor Pass,Tupesmi,555-555-5555,LA,70940,US,1,1,2,6/18/16 13:03,6/18/16 13:03
base,Default Store View,Francis.Patton@thelumastory.com,Francis,Patton,Francis,Patton,191 Poce Pass,Jepuzle,555-555-5555,MN,95622,US,1,1,1,6/21/16 1:16,6/21/16 1:16
base,Default Store View,Tyler.Morton@thelumastory.com,Tyler,Morton,Tyler,Morton,1268 Uzene Court,Iklijre,555-555-5555,MT,84656,US,1,1,3,6/23/16 2:24,6/23/16 2:24
base,Default Store View,Tony.Potter@thelumastory.com,Tony,Potter,Tony,Potter,1898 Fagun Mill,Tuakac,555-555-5555,SC,19461,US,1,1,1,6/23/16 9:08,6/23/16 9:08
base,Default Store View,Celia.Luna@thelumastory.com,Celia,Luna,Celia,Luna,1451 Lipot Street,Robedo,555-555-5555,TN,70902,US,1,1,2,6/23/16 13:03,6/23/16 13:03
base,Default Store View,Dollie.Hicks@thelumastory.com,Dollie,Hicks,Dollie,Hicks,1191 Muko Plaza,Ponpelwe,555-555-5555,VT,83742,US,1,1,3,6/24/16 6:05,6/24/16 6:05
base,Default Store View,Ricardo.Brock@thelumastory.com,Ricardo,Brock,Ricardo,Brock,366 Gipif Grove,Zajaje,555-555-5555,NV,69154,US,1,1,3,6/25/16 22:40,6/25/16 22:40
base,Default Store View,Ricardo.Ross@thelumastory.com,Ricardo,Ross,Ricardo,Ross,125 Orawo Grove,Sotagmen,555-555-5555,OK,45602,US,1,1,1,6/26/16 10:52,6/26/16 10:52
base,Default Store View,Kyle.Moss@thelumastory.com,Kyle,Moss,Kyle,Moss,1173 Hoguk Plaza,Usgagir,555-555-5555,OR,47262,US,1,1,3,6/27/16 20:15,6/27/16 20:15
base,Default Store View,Barbara.Russell@thelumastory.com,Barbara,Russell,Barbara,Russell,1123 Jovuf Extension,Numcanek,555-555-5555,AL,16406,US,1,1,3,6/29/16 16:03,6/29/16 16:03
base,Default Store View,Norman.Pierce@thelumastory.com,Norman,Pierce,Norman,Pierce,1564 Vatub Parkway,Ekgiwwo,555-555-5555,IL,30552,US,1,1,3,7/1/16 11:16,7/1/16 11:16
base,Default Store View,Terry.Neal@thelumastory.com,Terry,Neal,Terry,Neal,671 Digwu Turnpike,Uzenoptah,555-555-5555,MI,14489,US,1,1,1,7/1/16 22:16,7/1/16 22:16
base,Default Store View,Gregory.Welch@thelumastory.com,Gregory,Welch,Gregory,Welch,1741 Hanza Highway,Ozzulsa,555-555-5555,ME,87254,US,1,1,1,7/2/16 7:26,7/2/16 7:26
base,Default Store View,John.Cross@thelumastory.com,John,Cross,John,Cross,366 Pusdoj Ridge,Ifwiwag,555-555-5555,KS,14212,US,1,1,2,7/2/16 19:17,7/2/16 19:17
base,Default Store View,Matthew.Cummings@thelumastory.com,Matthew,Cummings,Matthew,Cummings,1550 Nokca Pass,Imapabec,555-555-5555,MN,85747,US,1,1,2,7/6/16 11:02,7/6/16 11:02
base,Default Store View,Lenora.Martin@thelumastory.com,Lenora,Martin,Lenora,Martin,993 Wikdo Ridge,Vojbapgom,555-555-5555,MN,22377,US,1,1,2,7/8/16 9:31,7/8/16 9:31
base,Default Store View,Adeline.Schmidt@thelumastory.com,Adeline,Schmidt,Adeline,Schmidt,1320 Kihan Parkway,Keeniraj,555-555-5555,DC,9108,US,1,1,2,7/8/16 20:08,7/8/16 20:08
base,Default Store View,Tony.Yates@thelumastory.com,Tony,Yates,Tony,Yates,323 Gipod Street,Kipise,555-555-5555,NV,53254,US,1,1,2,7/8/16 22:51,7/8/16 22:51
base,Default Store View,Jorge.Simpson@thelumastory.com,Jorge,Simpson,Jorge,Simpson,1101 Mulpa River,Avwijar,555-555-5555,ND,16966,US,1,1,3,7/10/16 3:22,7/10/16 3:22
base,Default Store View,George.Reid@thelumastory.com,George,Reid,George,Reid,1423 Apomug Grove,Josomwir,555-555-5555,SC,69030,US,1,1,3,7/12/16 1:49,7/12/16 1:49
base,Default Store View,Inez.Barrett@thelumastory.com,Inez,Barrett,Inez,Barrett,1812 Tuce View,Kusomed,555-555-5555,NJ,80241,US,1,1,1,7/13/16 6:03,7/13/16 6:03
base,Default Store View,Logan.Vargas@thelumastory.com,Logan,Vargas,Logan,Vargas,541 Pussed Point,Hialisut,555-555-5555,VT,12788,US,1,1,3,7/13/16 22:33,7/13/16 22:33
base,Default Store View,Allie.Freeman@thelumastory.com,Allie,Freeman,Allie,Freeman,1961 Cakkic Pike,Titusdop,555-555-5555,SC,2653,US,1,1,3,7/16/16 2:51,7/16/16 2:51
base,Default Store View,Clara.Horton@thelumastory.com,Clara,Horton,Clara,Horton,1452 Lahaju Key,Kedtecem,555-555-5555,NC,832,US,1,1,3,7/16/16 10:32,7/16/16 10:32
base,Default Store View,Lura.Bell@thelumastory.com,Lura,Bell,Lura,Bell,683 Woed Parkway,Efcidsod,555-555-5555,LA,9799,US,1,1,3,7/17/16 4:48,7/17/16 4:48
base,Default Store View,Della.Robertson@thelumastory.com,Della,Robertson,Della,Robertson,1440 Ezdaw Center,Semvevaz,555-555-5555,KY,5374,US,1,1,1,7/18/16 3:50,7/18/16 3:50
base,Default Store View,Mollie.James@thelumastory.com,Mollie,James,Mollie,James,347 Wozo Avenue,Hecsokin,555-555-5555,UT,19147,US,1,1,1,7/18/16 5:20,7/18/16 5:20
base,Default Store View,Victoria.Walters@thelumastory.com,Victoria,Walters,Victoria,Walters,1763 Wodini Turnpike,Mimzajo,555-555-5555,NV,11671,US,1,1,3,7/18/16 17:46,7/18/16 17:46
base,Default Store View,Bryan.Hale@thelumastory.com,Bryan,Hale,Bryan,Hale,1791 Detow Center,Wumofut,555-555-5555,CA,55832,US,1,1,3,7/21/16 5:57,7/21/16 5:57
base,Default Store View,Manuel.Barnett@thelumastory.com,Manuel,Barnett,Manuel,Barnett,237 Fubpiz Loop,Mibcadub,555-555-5555,UT,19321,US,1,1,1,7/21/16 8:39,7/21/16 8:39
base,Default Store View,Estella.Lawrence@thelumastory.com,Estella,Lawrence,Estella,Lawrence,1215 Jabus Way,Fumuaz,555-555-5555,IL,96990,US,1,1,3,7/21/16 9:54,7/21/16 9:54
base,Default Store View,Seth.Lambert@thelumastory.com,Seth,Lambert,Seth,Lambert,509 Dobok Avenue,Reikcan,555-555-5555,MI,13111,US,1,1,2,7/22/16 1:18,7/22/16 1:18
base,Default Store View,Jerry.George@thelumastory.com,Jerry,George,Jerry,George,713 Ruztej Boulevard,Ruanji,555-555-5555,OR,6181,US,1,1,1,7/22/16 10:42,7/22/16 10:42
base,Default Store View,Birdie.Mendez@thelumastory.com,Birdie,Mendez,Birdie,Mendez,1230 Ojonu Terrace,Ahbapzeh,555-555-5555,MA,13461,US,1,1,3,7/24/16 1:55,7/24/16 1:55
base,Default Store View,Jose.Page@thelumastory.com,Jose,Page,Jose,Page,1621 Nucaf View,Gilvuak,555-555-5555,WA,25693,US,1,1,1,7/24/16 4:19,7/24/16 4:19
base,Default Store View,Frederick.Warren@thelumastory.com,Frederick,Warren,Frederick,Warren,681 Mohab Drive,Imnuwih,555-555-5555,MS,8641,US,1,1,3,7/24/16 17:05,7/24/16 17:05
base,Default Store View,Alex.Cunningham@thelumastory.com,Alex,Cunningham,Alex,Cunningham,568 Hehsok Drive,Kegatoga,555-555-5555,TN,7900,US,1,1,2,7/25/16 19:23,7/25/16 19:23
base,Default Store View,Estelle.Morrison@thelumastory.com,Estelle,Morrison,Estelle,Morrison,443 Tigo Turnpike,Waljawtuk,555-555-5555,ME,93335,US,1,1,2,7/26/16 18:28,7/26/16 18:28
base,Default Store View,Jordan.Larson@thelumastory.com,Jordan,Larson,Jordan,Larson,1942 Zijpez Trail,Gusowko,555-555-5555,CO,80597,US,1,1,1,7/27/16 17:37,7/27/16 17:37
base,Default Store View,Darrell.Hammond@thelumastory.com,Darrell,Hammond,Darrell,Hammond,332 Zitol Glen,Lupjavof,555-555-5555,SC,29959,US,1,1,1,7/31/16 20:51,7/31/16 20:51
base,Default Store View,Lydia.Carter@thelumastory.com,Lydia,Carter,Lydia,Carter,804 Zanlun Glen,Pozabpin,555-555-5555,ME,51143,US,1,1,3,8/1/16 11:24,8/1/16 11:24
base,Default Store View,Katie.Kelley@thelumastory.com,Katie,Kelley,Katie,Kelley,1516 Mohdo Pike,Ewlazer,555-555-5555,TX,8784,US,1,1,3,8/2/16 13:54,8/2/16 13:54
base,Default Store View,Frank.Owens@thelumastory.com,Frank,Owens,Frank,Owens,19 Gozo Trail,Timgolril,555-555-5555,MT,46336,US,1,1,3,8/3/16 11:26,8/3/16 11:26
base,Default Store View,Florence.Lopez@thelumastory.com,Florence,Lopez,Florence,Lopez,1627 Toeja Court,Puzoklen,555-555-5555,MI,73746,US,1,1,2,8/3/16 21:01,8/3/16 21:01
base,Default Store View,Effie.May@thelumastory.com,Effie,May,Effie,May,1913 Itza Place,Cajfeljug,555-555-5555,UT,58799,US,1,1,3,8/4/16 5:54,8/4/16 5:54
base,Default Store View,Winifred.Estrada@thelumastory.com,Winifred,Estrada,Winifred,Estrada,1501 Fiaz Path,Potopnog,555-555-5555,MT,71029,US,1,1,3,8/6/16 17:12,8/6/16 17:12
base,Default Store View,Eugene.Armstrong@thelumastory.com,Eugene,Armstrong,Eugene,Armstrong,221 Tuef Terrace,Jallivide,555-555-5555,MS,36327,US,1,1,3,8/7/16 17:49,8/7/16 17:49
base,Default Store View,Philip.Santiago@thelumastory.com,Philip,Santiago,Philip,Santiago,1134 Wodet Avenue,Pammucnu,555-555-5555,TX,97091,US,1,1,3,8/7/16 19:02,8/7/16 19:02
base,Default Store View,Marie.Lewis@thelumastory.com,Marie,Lewis,Marie,Lewis,1658 Etoli Pass,Ceewpuj,555-555-5555,MS,27572,US,1,1,1,8/7/16 19:36,8/7/16 19:36
base,Default Store View,Zachary.Simon@thelumastory.com,Zachary,Simon,Zachary,Simon,1278 Edwi Loop,Ganekaz,555-555-5555,MT,28382,US,1,1,3,8/7/16 21:46,8/7/16 21:46
base,Default Store View,Austin.Goodwin@thelumastory.com,Austin,Goodwin,Austin,Goodwin,1055 Vorkom View,Sivvownu,555-555-5555,GA,45275,US,1,1,2,8/7/16 22:19,8/7/16 22:19
base,Default Store View,Olga.Harrington@thelumastory.com,Olga,Harrington,Olga,Harrington,389 Hebda Manor,Dunsohsar,555-555-5555,AZ,52196,US,1,1,3,8/8/16 11:12,8/8/16 11:12
base,Default Store View,Travis.Wallace@thelumastory.com,Travis,Wallace,Travis,Wallace,1297 Dabvor Glen,Cewevad,555-555-5555,HI,83156,US,1,1,3,8/9/16 0:27,8/9/16 0:27
base,Default Store View,Alta.Evans@thelumastory.com,Alta,Evans,Alta,Evans,227 Eloseg Heights,Ilamedu,555-555-5555,NH,99759,US,1,1,3,8/9/16 5:45,8/9/16 5:45
base,Default Store View,Ronnie.Reid@thelumastory.com,Ronnie,Reid,Ronnie,Reid,1849 Paggit Heights,Mogaoho,555-555-5555,OR,23437,US,1,1,2,8/10/16 2:38,8/10/16 2:38
base,Default Store View,Millie.Phillips@thelumastory.com,Millie,Phillips,Millie,Phillips,1108 Hatosa Pike,Gorhirgik,555-555-5555,MD,7724,US,1,1,3,8/10/16 8:56,8/10/16 8:56
base,Default Store View,Sean.Wilkerson@thelumastory.com,Sean,Wilkerson,Sean,Wilkerson,1043 Apita Place,Zaicufif,555-555-5555,WA,83010,US,1,1,1,8/10/16 9:52,8/10/16 9:52
base,Default Store View,Leroy.Fuller@thelumastory.com,Leroy,Fuller,Leroy,Fuller,1899 Inpur Extension,Sofralaj,555-555-5555,CA,53799,US,1,1,3,8/10/16 23:50,8/10/16 23:50
base,Default Store View,Jonathan.Wong@thelumastory.com,Jonathan,Wong,Jonathan,Wong,1139 Rize Highway,Bukerune,555-555-5555,AR,14360,US,1,1,3,8/11/16 6:00,8/11/16 6:00
base,Default Store View,Jared.Adams@thelumastory.com,Jared,Adams,Jared,Adams,1575 Ziov Pass,Beiboni,555-555-5555,PA,70700,US,1,1,1,8/11/16 16:16,8/11/16 16:16
base,Default Store View,Lillian.Bryan@thelumastory.com,Lillian,Bryan,Lillian,Bryan,107 Zoogi Heights,Kiitemiw,555-555-5555,PA,49599,US,1,1,3,8/11/16 23:58,8/11/16 23:58
base,Default Store View,Ricardo.Rios@thelumastory.com,Ricardo,Rios,Ricardo,Rios,1750 Irozi Park,Jeivope,555-555-5555,VA,89817,US,1,1,2,8/12/16 2:12,8/12/16 2:12
base,Default Store View,Arthur.Rhodes@thelumastory.com,Arthur,Rhodes,Arthur,Rhodes,531 Woela River,Kuosimat,555-555-5555,SD,35035,US,1,1,2,8/12/16 10:38,8/12/16 10:38
base,Default Store View,Matilda.Larson@thelumastory.com,Matilda,Larson,Matilda,Larson,190 Zopzo River,Ciwohgak,555-555-5555,FL,60376,US,1,1,3,8/13/16 18:44,8/13/16 18:44
base,Default Store View,Mattie.Price@thelumastory.com,Mattie,Price,Mattie,Price,1500 Huligu Junction,Siziula,555-555-5555,KS,97221,US,1,1,2,8/14/16 6:10,8/14/16 6:10
base,Default Store View,Hunter.Adams@thelumastory.com,Hunter,Adams,Hunter,Adams,1378 Modus Street,Rawgifi,555-555-5555,NC,14560,US,1,1,3,8/16/16 0:49,8/16/16 0:49
base,Default Store View,Hilda.White@thelumastory.com,Hilda,White,Hilda,White,477 Ejten Center,Degaci,555-555-5555,OR,37371,US,1,1,1,8/16/16 12:26,8/16/16 12:26
base,Default Store View,Jeffrey.Bishop@thelumastory.com,Jeffrey,Bishop,Jeffrey,Bishop,311 Hizda Highway,Kolvazoh,555-555-5555,AZ,31146,US,1,1,3,8/16/16 22:21,8/16/16 22:21
base,Default Store View,Arthur.Brock@thelumastory.com,Arthur,Brock,Arthur,Brock,262 Kiowi Grove,Nofodho,555-555-5555,CO,65460,US,1,1,3,8/16/16 23:29,8/16/16 23:29
base,Default Store View,Betty.Berry@thelumastory.com,Betty,Berry,Betty,Berry,1693 Lojge Plaza,Luefeja,555-555-5555,AZ,70832,US,1,1,1,8/17/16 14:01,8/17/16 14:01
base,Default Store View,Andrew.Maxwell@thelumastory.com,Andrew,Maxwell,Andrew,Maxwell,1279 Beco Heights,Gerbiffeg,555-555-5555,AR,57539,US,1,1,3,8/18/16 3:13,8/18/16 3:13
base,Default Store View,Adele.Conner@thelumastory.com,Adele,Conner,Adele,Conner,1434 Diba Extension,Ruljiju,555-555-5555,NV,41437,US,1,1,3,8/18/16 18:33,8/18/16 18:33
base,Default Store View,Elsie.Reese@thelumastory.com,Elsie,Reese,Elsie,Reese,711 Bimig Way,Dosurji,555-555-5555,LA,94132,US,1,1,1,8/18/16 19:58,8/18/16 19:58
base,Default Store View,Cecilia.Sutton@thelumastory.com,Cecilia,Sutton,Cecilia,Sutton,725 Muzum Highway,Ujadawwih,555-555-5555,WV,42803,US,1,1,3,8/19/16 4:33,8/19/16 4:33
base,Default Store View,Addie.Parks@thelumastory.com,Addie,Parks,Addie,Parks,1937 Wakiju Avenue,Otjubhi,555-555-5555,NY,19479,US,1,1,2,8/19/16 13:24,8/19/16 13:24
base,Default Store View,Patrick.Mack@thelumastory.com,Patrick,Mack,Patrick,Mack,1261 Fabgez Road,Nafupi,555-555-5555,IL,82797,US,1,1,3,8/20/16 19:18,8/20/16 19:18
base,Default Store View,Ronnie.Weaver@thelumastory.com,Ronnie,Weaver,Ronnie,Weaver,94 Opla Center,Ibtuzas,555-555-5555,HI,64819,US,1,1,2,8/20/16 22:08,8/20/16 22:08
base,Default Store View,Adrian.Walker@thelumastory.com,Adrian,Walker,Adrian,Walker,722 Giwu Street,Lokilegi,555-555-5555,DC,30660,US,1,1,2,8/21/16 8:18,8/21/16 8:18
base,Default Store View,William.Hines@thelumastory.com,William,Hines,William,Hines,933 Ocowuf Square,Uceikme,555-555-5555,CA,14711,US,1,1,1,8/21/16 19:47,8/21/16 19:47
base,Default Store View,Hallie.Pierce@thelumastory.com,Hallie,Pierce,Hallie,Pierce,552 Hajze Terrace,Loapma,555-555-5555,CA,80631,US,1,1,2,8/22/16 5:02,8/22/16 5:02
base,Default Store View,Alvin.Rogers@thelumastory.com,Alvin,Rogers,Alvin,Rogers,343 Ruvje Terrace,Jasadoj,555-555-5555,ND,38244,US,1,1,3,8/23/16 13:45,8/23/16 13:45
base,Default Store View,Ray.Phillips@thelumastory.com,Ray,Phillips,Ray,Phillips,1767 Zezoc Loop,Pugunceb,555-555-5555,CA,3210,US,1,1,2,8/24/16 3:52,8/24/16 3:52
base,Default Store View,Harriet.Gardner@thelumastory.com,Harriet,Gardner,Harriet,Gardner,300 Nacis Parkway,Mobulizif,555-555-5555,KY,58548,US,1,1,3,8/24/16 9:19,8/24/16 9:19
base,Default Store View,Troy.Abbott@thelumastory.com,Troy,Abbott,Troy,Abbott,829 Pubsi Manor,Ohlelco,555-555-5555,KS,79947,US,1,1,1,8/24/16 19:25,8/24/16 19:25
base,Default Store View,Ora.Bryant@thelumastory.com,Ora,Bryant,Ora,Bryant,1274 Fuot Road,Nemlekej,555-555-5555,MT,30323,US,1,1,2,8/25/16 1:42,8/25/16 1:42
base,Default Store View,Travis.Glover@thelumastory.com,Travis,Glover,Travis,Glover,222 Ajgu Ridge,Cakiboaja,555-555-5555,VA,30546,US,1,1,3,8/25/16 8:32,8/25/16 8:32
base,Default Store View,Brandon.Park@thelumastory.com,Brandon,Park,Brandon,Park,1349 Resu Lane,Tikratu,555-555-5555,AL,75355,US,1,1,2,8/26/16 20:23,8/26/16 20:23
base,Default Store View,Nicholas.Curry@thelumastory.com,Nicholas,Curry,Nicholas,Curry,327 Bolvuh Pass,Adfaef,555-555-5555,WY,46729,US,1,1,1,8/27/16 8:45,8/27/16 8:45
base,Default Store View,Christina.Carpenter@thelumastory.com,Christina,Carpenter,Christina,Carpenter,522 Puser Pass,Weolabe,555-555-5555,KS,52833,US,1,1,3,8/27/16 14:51,8/27/16 14:51
base,Default Store View,Dean.Goodman@thelumastory.com,Dean,Goodman,Dean,Goodman,1524 Ampan Pass,Gibepugu,555-555-5555,UT,62288,US,1,1,3,8/27/16 20:48,8/27/16 20:48
base,Default Store View,Paul.Perry@thelumastory.com,Paul,Perry,Paul,Perry,830 Guldaf Street,Sosubzub,555-555-5555,FL,62131,US,1,1,3,8/31/16 2:16,8/31/16 2:16
base,Default Store View,Mable.Terry@thelumastory.com,Mable,Terry,Mable,Terry,1127 Oluza Grove,Sasowiro,555-555-5555,PA,30535,US,1,1,3,9/1/16 13:27,9/1/16 13:27
base,Default Store View,Katie.Floyd@thelumastory.com,Katie,Floyd,Katie,Floyd,491 Dufne Place,Dopoke,555-555-5555,WY,56719,US,1,1,3,9/3/16 10:01,9/3/16 10:01
base,Default Store View,Allie.Abbott@thelumastory.com,Allie,Abbott,Allie,Abbott,179 Jopwe Highway,Tagwihos,555-555-5555,MT,54134,US,1,1,2,9/3/16 14:03,9/3/16 14:03
base,Default Store View,Dean.Gonzalez@thelumastory.com,Dean,Gonzalez,Dean,Gonzalez,269 Gerogo Loop,Lopeplal,555-555-5555,MS,22095,US,1,1,2,9/3/16 17:05,9/3/16 17:05
base,Default Store View,Blanche.Hawkins@thelumastory.com,Blanche,Hawkins,Blanche,Hawkins,1656 Vakab View,Fefuboka,555-555-5555,KY,57868,US,1,1,3,9/3/16 20:55,9/3/16 20:55
base,Default Store View,Trevor.Leonard@thelumastory.com,Trevor,Leonard,Trevor,Leonard,285 Jutno River,Diswowa,555-555-5555,AZ,66900,US,1,1,2,9/5/16 5:43,9/5/16 5:43
base,Default Store View,Ralph.Bryan@thelumastory.com,Ralph,Bryan,Ralph,Bryan,331 Dikil Trail,Opegcon,555-555-5555,CT,19917,US,1,1,3,9/5/16 7:49,9/5/16 7:49
base,Default Store View,Dustin.Patton@thelumastory.com,Dustin,Patton,Dustin,Patton,1495 Madku Pike,Jukali,555-555-5555,OK,82210,US,1,1,2,9/6/16 16:42,9/6/16 16:42
base,Default Store View,Jesus.Castro@thelumastory.com,Jesus,Castro,Jesus,Castro,499 Zizec Center,Indaaru,555-555-5555,OK,32411,US,1,1,1,9/6/16 21:46,9/6/16 21:46
base,Default Store View,Franklin.Becker@thelumastory.com,Franklin,Becker,Franklin,Becker,783 Jesuku Junction,Arefeptag,555-555-5555,CT,28871,US,1,1,3,9/7/16 1:08,9/7/16 1:08
base,Default Store View,Jeff.Copeland@thelumastory.com,Jeff,Copeland,Jeff,Copeland,762 Aretup Trail,Diopran,555-555-5555,UT,36938,US,1,1,3,9/9/16 14:09,9/9/16 14:09
base,Default Store View,Irene.Medina@thelumastory.com,Irene,Medina,Irene,Medina,905 Zike Lane,Capedaw,555-555-5555,UT,24833,US,1,1,1,9/11/16 18:23,9/11/16 18:23
base,Default Store View,Lura.Jensen@thelumastory.com,Lura,Jensen,Lura,Jensen,780 Dumu View,Fuvinik,555-555-5555,VA,27508,US,1,1,3,9/11/16 22:33,9/11/16 22:33
base,Default Store View,Jeff.Thomas@thelumastory.com,Jeff,Thomas,Jeff,Thomas,1235 Vier Path,Gugecad,555-555-5555,KY,65904,US,1,1,1,9/12/16 19:56,9/12/16 19:56
base,Default Store View,Christian.Hudson@thelumastory.com,Christian,Hudson,Christian,Hudson,1906 Isni Loop,Meceru,555-555-5555,SC,70897,US,1,1,3,9/13/16 12:46,9/13/16 12:46
base,Default Store View,Maud.Burns@thelumastory.com,Maud,Burns,Maud,Burns,232 Kizvi Center,Wuhwajoh,555-555-5555,MA,9225,US,1,1,3,9/13/16 13:52,9/13/16 13:52
base,Default Store View,Hunter.Reynolds@thelumastory.com,Hunter,Reynolds,Hunter,Reynolds,1421 Tefu Circle,Repibew,555-555-5555,MT,89454,US,1,1,1,9/14/16 0:13,9/14/16 0:13
base,Default Store View,Milton.Bryan@thelumastory.com,Milton,Bryan,Milton,Bryan,1284 Cicga Street,Riruop,555-555-5555,SC,60515,US,1,1,3,9/15/16 7:29,9/15/16 7:29
base,Default Store View,Della.Underwood@thelumastory.com,Della,Underwood,Della,Underwood,1340 Resob Plaza,Ruhosrek,555-555-5555,VT,56381,US,1,1,3,9/15/16 20:21,9/15/16 20:21
base,Default Store View,Genevieve.Carter@thelumastory.com,Genevieve,Carter,Genevieve,Carter,1316 Aggo Highway,Rubliva,555-555-5555,HI,60625,US,1,1,3,9/15/16 23:13,9/15/16 23:13
base,Default Store View,Carrie.Roberts@thelumastory.com,Carrie,Roberts,Carrie,Roberts,673 Wiroz Manor,Dinhevo,555-555-5555,WA,52677,US,1,1,3,9/16/16 8:35,9/16/16 8:35
base,Default Store View,Anthony.Wallace@thelumastory.com,Anthony,Wallace,Anthony,Wallace,1463 Ileli Mill,Rimvudil,555-555-5555,ID,33076,US,1,1,3,9/16/16 20:48,9/16/16 20:48
base,Default Store View,Birdie.Duncan@thelumastory.com,Birdie,Duncan,Birdie,Duncan,114 Fiuf Avenue,Pofgizde,555-555-5555,MS,52982,US,1,1,3,9/16/16 22:41,9/16/16 22:41
base,Default Store View,Lora.Stokes@thelumastory.com,Lora,Stokes,Lora,Stokes,409 Owfis Grove,Livizuto,555-555-5555,KY,65807,US,1,1,1,9/18/16 15:53,9/18/16 15:53
base,Default Store View,Theresa.Walker@thelumastory.com,Theresa,Walker,Theresa,Walker,1211 Fukuca Place,Lugtuhjo,555-555-5555,SD,87313,US,1,1,3,9/18/16 16:24,9/18/16 16:24
base,Default Store View,Lula.Robinson@thelumastory.com,Lula,Robinson,Lula,Robinson,729 Dabwi Avenue,Sedvehce,555-555-5555,OK,1834,US,1,1,3,9/19/16 3:51,9/19/16 3:51
base,Default Store View,Lawrence.Newman@thelumastory.com,Lawrence,Newman,Lawrence,Newman,817 Liljo Key,Lasjamit,555-555-5555,DE,42771,US,1,1,3,9/19/16 8:31,9/19/16 8:31
base,Default Store View,Stanley.Berry@thelumastory.com,Stanley,Berry,Stanley,Berry,960 Bozih Pike,Decada,555-555-5555,DE,41879,US,1,1,3,9/19/16 13:30,9/19/16 13:30
base,Default Store View,Mittie.Stevenson@thelumastory.com,Mittie,Stevenson,Mittie,Stevenson,1597 Ubonuz View,Bofgiwup,555-555-5555,VT,69696,US,1,1,1,9/19/16 23:49,9/19/16 23:49
base,Default Store View,Lester.Dixon@thelumastory.com,Lester,Dixon,Lester,Dixon,1200 Nezho Key,Dazipge,555-555-5555,DE,95553,US,1,1,2,9/20/16 0:06,9/20/16 0:06
base,Default Store View,Inez.Newton@thelumastory.com,Inez,Newton,Inez,Newton,1366 Kenuwu Extension,Nuwfamu,555-555-5555,NC,18681,US,1,1,3,9/20/16 17:29,9/20/16 17:29
base,Default Store View,Georgia.Coleman@thelumastory.com,Georgia,Coleman,Georgia,Coleman,408 Rejik Point,Halabves,555-555-5555,NJ,80872,US,1,1,1,9/21/16 1:11,9/21/16 1:11
base,Default Store View,Marie.Alvarado@thelumastory.com,Marie,Alvarado,Marie,Alvarado,143 Takne Circle,Biwpetnen,555-555-5555,NE,11158,US,1,1,1,9/21/16 8:37,9/21/16 8:37
base,Default Store View,Dean.Fernandez@thelumastory.com,Dean,Fernandez,Dean,Fernandez,1909 Waftos Pass,Rumkuta,555-555-5555,KS,23112,US,1,1,1,9/21/16 10:28,9/21/16 10:28
base,Default Store View,Mittie.McCarthy@thelumastory.com,Mittie,McCarthy,Mittie,McCarthy,893 Woklok River,Vozipom,555-555-5555,NY,3229,US,1,1,2,9/21/16 13:57,9/21/16 13:57
base,Default Store View,Louis.Byrd@thelumastory.com,Louis,Byrd,Louis,Byrd,1121 Nifzin Lane,Javfeza,555-555-5555,AL,74310,US,1,1,3,9/22/16 3:18,9/22/16 3:18
base,Default Store View,Jay.Griffith@thelumastory.com,Jay,Griffith,Jay,Griffith,277 Linbe Highway,Siharvo,555-555-5555,GA,2423,US,1,1,1,9/22/16 18:55,9/22/16 18:55
base,Default Store View,Jon.Norton@thelumastory.com,Jon,Norton,Jon,Norton,934 Anbol Lane,Kifoguv,555-555-5555,CT,50370,US,1,1,3,9/23/16 3:31,9/23/16 3:31
base,Default Store View,Polly.Harvey@thelumastory.com,Polly,Harvey,Polly,Harvey,1285 Famlov Square,Ulmiloj,555-555-5555,AZ,65359,US,1,1,1,9/23/16 9:44,9/23/16 9:44
base,Default Store View,Lela.Moran@thelumastory.com,Lela,Moran,Lela,Moran,1530 Tenup Center,Cuziah,555-555-5555,PA,8082,US,1,1,1,9/23/16 21:37,9/23/16 21:37
base,Default Store View,Ann.Farmer@thelumastory.com,Ann,Farmer,Ann,Farmer,1230 Sopzor Square,Lobbuznin,555-555-5555,NM,38029,US,1,1,1,9/24/16 21:19,9/24/16 21:19
base,Default Store View,Minerva.Sanders@thelumastory.com,Minerva,Sanders,Minerva,Sanders,1511 Hige Pass,Jodusafu,555-555-5555,MD,62192,US,1,1,2,9/25/16 2:03,9/25/16 2:03
base,Default Store View,Bill.Carr@thelumastory.com,Bill,Carr,Bill,Carr,44 Bilom Path,Udjevu,555-555-5555,CO,14196,US,1,1,1,9/25/16 13:02,9/25/16 13:02
base,Default Store View,Birdie.Thompson@thelumastory.com,Birdie,Thompson,Birdie,Thompson,515 Bertog Path,Hevkanpuc,555-555-5555,NY,89346,US,1,1,2,9/26/16 8:57,9/26/16 8:57
base,Default Store View,Mamie.Drake@thelumastory.com,Mamie,Drake,Mamie,Drake,846 Hogif Avenue,Cijuzje,555-555-5555,UT,94756,US,1,1,3,9/26/16 14:34,9/26/16 14:34
base,Default Store View,Abbie.Caldwell@thelumastory.com,Abbie,Caldwell,Abbie,Caldwell,407 Wico Drive,Isbuhnam,555-555-5555,KY,78849,US,1,1,2,9/27/16 1:27,9/27/16 1:27
base,Default Store View,Estelle.Hodges@thelumastory.com,Estelle,Hodges,Estelle,Hodges,744 Picbi Junction,Aclava,555-555-5555,NE,64502,US,1,1,1,9/27/16 8:15,9/27/16 8:15
base,Default Store View,Lois.Jefferson@thelumastory.com,Lois,Jefferson,Lois,Jefferson,1595 Hikzuj Trail,Ihafoav,555-555-5555,NV,39452,US,1,1,2,9/28/16 4:13,9/28/16 4:13
base,Default Store View,Barbara.Wright@thelumastory.com,Barbara,Wright,Barbara,Wright,1352 Mita Turnpike,Rufcosik,555-555-5555,HI,55679,US,1,1,3,9/28/16 4:30,9/28/16 4:30
base,Default Store View,Julia.Peterson@thelumastory.com,Julia,Peterson,Julia,Peterson,366 Uhefa Glen,Buwilta,555-555-5555,VA,22566,US,1,1,3,9/28/16 6:30,9/28/16 6:30
base,Default Store View,Troy.Shelton@thelumastory.com,Troy,Shelton,Troy,Shelton,31 Biuc Grove,Hiwimem,555-555-5555,CA,93120,US,1,1,3,9/28/16 12:19,9/28/16 12:19
base,Default Store View,Lillie.Lawrence@thelumastory.com,Lillie,Lawrence,Lillie,Lawrence,1508 Uguuki Lane,Erijafa,555-555-5555,KS,15952,US,1,1,3,9/28/16 14:41,9/28/16 14:41
base,Default Store View,Jordan.Larson@the1umastory.com,Jordan,Larson,Jordan,Larson,1006 Irehe Trail,Coknuzov,555-555-5555,ME,73349,US,1,1,1,9/28/16 21:50,9/28/16 21:50
base,Default Store View,Cornelia.Marsh@thelumastory.com,Cornelia,Marsh,Cornelia,Marsh,1234 Jipvep Square,Govocafi,555-555-5555,NY,21731,US,1,1,1,9/29/16 2:01,9/29/16 2:01
base,Default Store View,Hannah.Cross@thelumastory.com,Hannah,Cross,Hannah,Cross,1228 Tecjo Extension,Urelal,555-555-5555,IA,86635,US,1,1,2,9/29/16 8:15,9/29/16 8:15
base,Default Store View,Marie.Norris@thelumastory.com,Marie,Norris,Marie,Norris,562 Uckoj River,Daijig,555-555-5555,DC,71519,US,1,1,3,9/29/16 11:00,9/29/16 11:00
base,Default Store View,Nannie.Johnson@thelumastory.com,Nannie,Johnson,Nannie,Johnson,1007 Enfe Glen,Mewupfow,555-555-5555,AR,71912,US,1,1,3,9/29/16 21:15,9/29/16 21:15
base,Default Store View,Ola.Townsend@thelumastory.com,Ola,Townsend,Ola,Townsend,1769 Badi View,Faweujo,555-555-5555,OK,15585,US,1,1,2,10/1/16 3:26,10/1/16 3:26
base,Default Store View,Elsie.Barker@thelumastory.com,Elsie,Barker,Elsie,Barker,460 Horuj Street,Kevlide,555-555-5555,AR,23805,US,1,1,3,10/1/16 18:44,10/1/16 18:44
base,Default Store View,Russell.Keller@thelumastory.com,Russell,Keller,Russell,Keller,60 Ambo Center,Lorhuam,555-555-5555,UT,56211,US,1,1,3,10/1/16 22:56,10/1/16 22:56
base,Default Store View,Lizzie.Wade@thelumastory.com,Lizzie,Wade,Lizzie,Wade,1752 Vokej Park,Ocejehim,555-555-5555,MI,12702,US,1,1,3,10/2/16 5:39,10/2/16 5:39
base,Default Store View,Steve.Dixon@thelumastory.com,Steve,Dixon,Steve,Dixon,1573 Patok Court,Poalavu,555-555-5555,WV,70749,US,1,1,3,10/3/16 3:46,10/3/16 3:46
base,Default Store View,Francisco.Rodgers@thelumastory.com,Francisco,Rodgers,Francisco,Rodgers,58 Enugan Path,Hinafuv,555-555-5555,OR,81884,US,1,1,3,10/3/16 19:02,10/3/16 19:02
base,Default Store View,Marvin.Pierce@thelumastory.com,Marvin,Pierce,Marvin,Pierce,254 Dafosa Loop,Risapij,555-555-5555,MA,9460,US,1,1,2,10/3/16 19:24,10/3/16 19:24
base,Default Store View,Alice.Beck@thelumastory.com,Alice,Beck,Alice,Beck,1983 Lokoc Junction,Saffahu,555-555-5555,AR,91897,US,1,1,3,10/4/16 5:50,10/4/16 5:50
base,Default Store View,Isaac.Cooper@thelumastory.com,Isaac,Cooper,Isaac,Cooper,1675 Zuje Turnpike,Sogikac,555-555-5555,ME,85174,US,1,1,2,10/4/16 12:02,10/4/16 12:02
base,Default Store View,Martha.Mack@thelumastory.com,Martha,Mack,Martha,Mack,1310 Gurmo Way,Itewaik,555-555-5555,NM,48673,US,1,1,2,10/4/16 14:01,10/4/16 14:01
base,Default Store View,Anne.Mendez@thelumastory.com,Anne,Mendez,Anne,Mendez,1553 Saglid View,Ijakivko,555-555-5555,CT,46711,US,1,1,3,10/4/16 18:32,10/4/16 18:32
base,Default Store View,Abbie.Hart@thelumastory.com,Abbie,Hart,Abbie,Hart,1777 Mifle Circle,Keukinow,555-555-5555,RI,22512,US,1,1,1,10/4/16 22:34,10/4/16 22:34
base,Default Store View,Aiden.Terry@thelumastory.com,Aiden,Terry,Aiden,Terry,32 Batin Highway,Afomimaw,555-555-5555,HI,82659,US,1,1,1,10/5/16 2:37,10/5/16 2:37
base,Default Store View,Mason.Rowe@thelumastory.com,Mason,Rowe,Mason,Rowe,826 Buvsu Ridge,Ahejogjev,555-555-5555,SD,18365,US,1,1,3,10/5/16 8:28,10/5/16 8:28
base,Default Store View,Blake.Singleton@thelumastory.com,Blake,Singleton,Blake,Singleton,458 Fazu Heights,Wovdauk,555-555-5555,MN,13802,US,1,1,3,10/5/16 10:16,10/5/16 10:16
base,Default Store View,Anne.Rivera@thelumastory.com,Anne,Rivera,Anne,Rivera,1052 Dojji Park,Leokiba,555-555-5555,CO,25100,US,1,1,3,10/5/16 23:19,10/5/16 23:19
base,Default Store View,Violet.Watson@thelumastory.com,Violet,Watson,Violet,Watson,1790 Joive Center,Haraka,555-555-5555,IA,60463,US,1,1,3,10/7/16 7:50,10/7/16 7:50
base,Default Store View,John.Moreno@thelumastory.com,John,Moreno,John,Moreno,1393 Vivada Point,Sidcule,555-555-5555,NH,7661,US,1,1,2,10/7/16 12:24,10/7/16 12:24
base,Default Store View,Gavin.Freeman@thelumastory.com,Gavin,Freeman,Gavin,Freeman,332 Ceeb Loop,Vuhacfef,555-555-5555,ND,64166,US,1,1,3,10/7/16 13:55,10/7/16 13:55
base,Default Store View,Cornelia.Curtis@thelumastory.com,Cornelia,Curtis,Cornelia,Curtis,1355 Vumu Ridge,Tigbufa,555-555-5555,DE,50395,US,1,1,2,10/8/16 22:06,10/8/16 22:06
base,Default Store View,Matthew.Byrd@thelumastory.com,Matthew,Byrd,Matthew,Byrd,495 Orucu Drive,Nefone,555-555-5555,ND,93244,US,1,1,3,10/9/16 13:44,10/9/16 13:44
base,Default Store View,Stanley.Mendoza@thelumastory.com,Stanley,Mendoza,Stanley,Mendoza,308 Dajir Loop,Habsuzuse,555-555-5555,RI,3277,US,1,1,1,10/9/16 15:00,10/9/16 15:00
base,Default Store View,Connor.Cole@thelumastory.com,Connor,Cole,Connor,Cole,480 Nokopa Extension,Beenidap,555-555-5555,AK,55579,US,1,1,3,10/10/16 4:34,10/10/16 4:34
base,Default Store View,Curtis.Holland@thelumastory.com,Curtis,Holland,Curtis,Holland,328 Dumu Point,Suekahe,555-555-5555,IA,10414,US,1,1,3,10/10/16 22:38,10/10/16 22:38
base,Default Store View,Joseph.Bryan@thelumastory.com,Joseph,Bryan,Joseph,Bryan,1207 Ricba Glen,Esacohu,555-555-5555,CT,62183,US,1,1,2,10/11/16 8:46,10/11/16 8:46